                  epoch,         train/box_loss,         train/cls_loss,         train/dfl_loss,                 lr/pg0,                 lr/pg1,                 lr/pg2,   metrics/precision(B),      metrics/recall(B),       metrics/mAP50(B),    metrics/mAP50-95(B),           val/box_loss,           val/cls_loss,           val/dfl_loss
                      1,                0.81128,                 10.538,                 2.3151,                0.07037,              0.0032922,              0.0032922,                0.00148,                 0.2625,                0.00099,                0.00019,                0.68801,                  3.888,                 1.6666
                      2,                0.62163,                 4.1734,                 1.6776,               0.040344,               0.006599,               0.006599,                0.00834,                    0.4,                0.04969,                0.00979,                 0.5904,                 3.7107,                 1.4306
                      3,                0.57355,                 3.7087,                 1.5357,               0.010291,              0.0098792,              0.0098792,                0.18173,                 0.1125,                0.06567,                0.01845,                0.58369,                 3.3071,                 1.4263
                      4,                0.56116,                 3.4177,                 1.5131,                0.00988,                0.00988,                0.00988,                0.47356,                  0.275,                 0.2127,                0.06541,                0.58192,                 2.7305,                 1.4115
                      5,                0.54335,                 3.2157,                 1.4855,                0.00988,                0.00988,                0.00988,                0.29865,                  0.275,                0.16022,                0.04633,                0.56087,                 3.1909,                 1.4438
                      6,                0.52981,                 2.9518,                 1.4886,                0.00984,                0.00984,                0.00984,                0.40625,                 0.2375,                0.16841,                0.03845,                  0.595,                 2.9238,                    1.5
                      7,                0.51101,                 2.8076,                 1.4196,                 0.0098,                 0.0098,                 0.0098,                0.40287,                 0.2875,                0.25603,                0.08696,                0.53409,                 2.8738,                 1.3844
                      8,                0.50333,                 2.6556,                 1.4327,                0.00976,                0.00976,                0.00976,                0.41506,                  0.325,                0.25206,                0.08566,                0.55407,                  2.569,                 1.3735
                      9,                 0.4933,                 2.4446,                 1.3467,                0.00972,                0.00972,                0.00972,                 0.4442,                 0.3625,                0.32581,                0.12031,                0.52309,                 2.2408,                 1.3104
                     10,                0.49847,                 2.4046,                 1.3734,                0.00968,                0.00968,                0.00968,                0.35486,                 0.2625,                0.18937,                0.05968,                0.51525,                 2.5506,                 1.2534
                     11,                0.48722,                 2.4547,                 1.3417,                0.00964,                0.00964,                0.00964,                 0.3801,                 0.3375,                0.29193,                  0.091,                0.50597,                 2.2397,                 1.2647
                     12,                0.48029,                 2.3091,                 1.3444,                 0.0096,                 0.0096,                 0.0096,                0.55295,                0.35567,                0.34456,                 0.1134,                0.53078,                 2.1853,                  1.326
                     13,                0.48502,                 2.3867,                 1.3449,                0.00956,                0.00956,                0.00956,                0.48841,                 0.3125,                0.32368,                0.11172,                0.51222,                 2.2944,                 1.2807
                     14,                0.48462,                 2.2597,                 1.3229,                0.00952,                0.00952,                0.00952,                0.39742,                  0.375,                0.30284,                0.10002,                0.48191,                 2.1728,                 1.1771
                     15,                 0.4638,                  2.059,                 1.3007,              0.0094801,              0.0094801,              0.0094801,                0.67761,                0.26274,                 0.3452,                0.12315,                0.48677,                 2.1054,                 1.2148
                     16,                0.46817,                 2.0888,                 1.3239,              0.0094401,              0.0094401,              0.0094401,                0.49687,                0.40741,                0.39657,                0.14199,                0.48563,                 2.0022,                 1.2191
                     17,                0.46704,                   2.08,                 1.3129,              0.0094001,              0.0094001,              0.0094001,                0.56148,                 0.4375,                0.38838,                0.14671,                0.49447,                 2.0339,                 1.2087
                     18,                0.45371,                 2.0497,                 1.2834,              0.0093601,              0.0093601,              0.0093601,                0.62635,                 0.4625,                0.50762,                0.17376,                0.49636,                 1.8374,                 1.2285
                     19,                0.45866,                 1.8941,                 1.2975,              0.0093201,              0.0093201,              0.0093201,                0.44637,                  0.425,                0.36112,                0.11621,                 0.5314,                 2.2106,                 1.2978
                     20,                0.46557,                 1.9426,                 1.3104,              0.0092801,              0.0092801,              0.0092801,                0.69453,                 0.3625,                 0.4439,                0.13282,                0.55276,                 1.9113,                 1.3386
                     21,                0.45809,                 1.9145,                 1.2813,              0.0092401,              0.0092401,              0.0092401,                0.47485,                0.37302,                 0.3336,                0.09364,                 0.6248,                 1.8316,                 1.5141
                     22,                0.44862,                  1.898,                 1.2686,              0.0092001,              0.0092001,              0.0092001,                0.57419,                 0.5125,                0.52785,                0.18071,                 0.4645,                 1.7947,                 1.2083
                     23,                0.45476,                 1.8821,                 1.2936,              0.0091601,              0.0091601,              0.0091601,                0.68801,                 0.5625,                0.53182,                0.18193,                0.49434,                  1.803,                 1.2483
                     24,                0.44848,                 1.8215,                 1.2627,              0.0091201,              0.0091201,              0.0091201,                0.72578,                 0.4375,                0.53727,                0.19194,                0.45301,                 1.8891,                 1.1826
                     25,                0.43765,                 1.7194,                 1.2427,              0.0090801,              0.0090801,              0.0090801,                0.72981,                  0.475,                0.56109,                 0.2028,                 0.4656,                 1.6948,                 1.1861
                     26,                0.43005,                 1.7599,                 1.2273,              0.0090401,              0.0090401,              0.0090401,                0.70415,                   0.55,                0.60292,                0.21459,                0.48617,                 1.6085,                 1.2094
                     27,                0.43676,                 1.7284,                 1.2573,              0.0090001,              0.0090001,              0.0090001,                0.47057,                 0.4375,                0.37348,                 0.1489,                0.44643,                 1.7707,                 1.1562
                     28,                0.43143,                 1.7247,                 1.2347,              0.0089601,              0.0089601,              0.0089601,                0.80769,                 0.4625,                0.57032,                 0.1998,                  0.486,                 1.6243,                 1.1967
                     29,                0.42718,                 1.7127,                 1.2256,              0.0089201,              0.0089201,              0.0089201,                0.84754,                    0.5,                  0.581,                0.23194,                0.46233,                  1.693,                 1.1764
                     30,                0.42059,                 1.6412,                 1.2144,              0.0088801,              0.0088801,              0.0088801,                0.78056,                 0.4875,                 0.5982,                0.17823,                0.50912,                 1.7815,                 1.2497
                     31,                0.42722,                 1.5885,                 1.2126,              0.0088401,              0.0088401,              0.0088401,                0.81087,                 0.6125,                0.66989,                 0.2411,                 0.4844,                 1.4959,                 1.2047
                     32,                0.42105,                 1.6146,                 1.2034,              0.0088001,              0.0088001,              0.0088001,                0.70628,                0.48097,                0.54338,                0.13997,                 0.5605,                 1.6609,                 1.3512
                     33,                0.42806,                 1.6758,                 1.2275,              0.0087601,              0.0087601,              0.0087601,                0.64846,                 0.5375,                0.54666,                0.14862,                0.53941,                 1.7982,                 1.3106
                     34,                0.42251,                 1.5763,                 1.2332,              0.0087201,              0.0087201,              0.0087201,                0.80774,                   0.55,                 0.6375,                0.21522,                0.48143,                 1.5045,                 1.2235
                     35,                0.42321,                 1.5612,                 1.2436,              0.0086801,              0.0086801,              0.0086801,                0.79349,                   0.55,                0.61833,                0.23998,                0.45435,                 1.7102,                 1.1652
                     36,                 0.4225,                  1.589,                 1.2185,              0.0086401,              0.0086401,              0.0086401,                0.68188,                0.64307,                0.66146,                0.21299,                0.50181,                 1.4413,                 1.2125
                     37,                 0.4182,                 1.6243,                 1.2009,              0.0086001,              0.0086001,              0.0086001,                0.62069,                 0.5625,                0.55752,                0.18134,                0.51077,                 1.5254,                 1.2641
                     38,                0.40859,                  1.522,                 1.2103,              0.0085601,              0.0085601,              0.0085601,                0.73651,                0.55908,                0.57636,                0.18398,                0.52105,                 1.5217,                  1.272
                     39,                0.40784,                 1.5139,                 1.1869,              0.0085201,              0.0085201,              0.0085201,                0.69345,                    0.6,                0.61029,                0.19928,                 0.5378,                 1.5748,                 1.2956
                     40,                0.43774,                 1.5558,                 1.2054,              0.0084802,              0.0084802,              0.0084802,                 0.8632,                  0.625,                0.63826,                0.21008,                0.50062,                 1.4839,                 1.2266
                     41,                0.40205,                 1.4791,                 1.1848,              0.0084402,              0.0084402,              0.0084402,                0.82157,                0.51806,                0.64579,                0.20649,                0.49321,                 1.4185,                 1.2339
                     42,                0.41811,                 1.4376,                 1.1983,              0.0084002,              0.0084002,              0.0084002,                0.84465,                0.61169,                0.69909,                0.28096,                0.43952,                 1.3622,                 1.1507
                     43,                0.40685,                 1.4503,                 1.2047,              0.0083602,              0.0083602,              0.0083602,                0.78041,                0.62198,                 0.6625,                0.20425,                0.49093,                 1.4219,                 1.2459
                     44,                0.42267,                 1.4991,                 1.2171,              0.0083202,              0.0083202,              0.0083202,                0.82513,                 0.4625,                0.56738,                0.22135,                 0.4717,                 1.5413,                  1.211
                     45,                0.40356,                 1.4164,                 1.1846,              0.0082802,              0.0082802,              0.0082802,                0.79847,                  0.625,                0.66635,                  0.264,                 0.4436,                 1.4899,                 1.1449
                     46,                0.40916,                 1.4506,                 1.1701,              0.0082402,              0.0082402,              0.0082402,                 0.8398,                0.52422,                0.64873,                0.21895,                0.47754,                 1.4447,                 1.1736
                     47,                0.40851,                 1.4594,                 1.1872,              0.0082002,              0.0082002,              0.0082002,                0.82086,                0.45829,                0.53899,                 0.1758,                0.52035,                 1.7955,                 1.2979
                     48,                0.40976,                  1.425,                 1.1848,              0.0081602,              0.0081602,              0.0081602,                0.82873,                 0.6125,                0.66644,                0.24321,                0.47545,                 1.3751,                 1.2008
                     49,                0.41374,                 1.4534,                 1.1732,              0.0081202,              0.0081202,              0.0081202,                 0.8263,                 0.6125,                0.66573,                0.25719,                0.46191,                 1.4635,                 1.1852
                     50,                0.40579,                 1.3745,                 1.1777,              0.0080802,              0.0080802,              0.0080802,                  0.865,                  0.575,                0.72415,                0.26314,                0.46005,                 1.3683,                 1.1691
                     51,                0.39559,                 1.3828,                 1.1795,              0.0080402,              0.0080402,              0.0080402,                0.77726,                  0.675,                0.73051,                0.24753,                0.48406,                 1.4225,                 1.2142
                     52,                0.40239,                 1.3664,                 1.1881,              0.0080002,              0.0080002,              0.0080002,                0.85623,                0.59563,                0.66779,                0.22362,                0.49676,                 1.4446,                 1.2438
                     53,                0.39734,                 1.3849,                 1.1566,              0.0079602,              0.0079602,              0.0079602,                0.83478,                  0.625,                0.67474,                0.27601,                0.45053,                 1.4025,                 1.1577
                     54,                0.39744,                 1.3911,                 1.1807,              0.0079202,              0.0079202,              0.0079202,                0.87353,                    0.6,                0.67926,                0.22015,                 0.4794,                 1.3748,                  1.207
                     55,                0.39248,                 1.3136,                 1.1431,              0.0078802,              0.0078802,              0.0078802,                0.76202,                 0.7125,                 0.7482,                0.29537,                0.43434,                 1.3576,                 1.1182
                     56,                 0.3862,                  1.329,                 1.1608,              0.0078402,              0.0078402,              0.0078402,                0.84912,                  0.625,                0.71161,                0.30419,                0.43869,                 1.3162,                 1.1459
                     57,                0.40034,                 1.3528,                 1.1631,              0.0078002,              0.0078002,              0.0078002,                0.79918,                0.64672,                0.74023,                0.25719,                0.47347,                 1.3106,                 1.2017
                     58,                0.39344,                 1.2766,                 1.1643,              0.0077602,              0.0077602,              0.0077602,                0.84121,                0.66219,                0.75504,                0.29468,                0.45458,                 1.2809,                 1.1574
                     59,                0.39215,                 1.3037,                 1.1553,              0.0077202,              0.0077202,              0.0077202,                0.88064,                   0.65,                0.73768,                0.23572,                 0.4832,                 1.3583,                 1.1971
                     60,                0.39783,                  1.327,                 1.1575,              0.0076802,              0.0076802,              0.0076802,                0.81459,                0.65908,                0.76149,                 0.2689,                0.47037,                 1.2925,                 1.1983
                     61,                0.39495,                 1.3039,                 1.1673,              0.0076402,              0.0076402,              0.0076402,                0.87401,                 0.6125,                0.70195,                0.25662,                0.48054,                 1.4155,                 1.2274
                     62,                0.39484,                 1.2989,                 1.1527,              0.0076002,              0.0076002,              0.0076002,                0.95222,                 0.5875,                0.75789,                0.27403,                0.43349,                 1.3329,                 1.1308
                     63,                0.38379,                 1.2496,                 1.1454,              0.0075602,              0.0075602,              0.0075602,                0.91059,                 0.6625,                0.75725,                0.28922,                0.45102,                 1.3373,                 1.1597
                     64,                0.38518,                 1.2483,                 1.1214,              0.0075202,              0.0075202,              0.0075202,                0.88941,                  0.675,                0.68584,                0.19476,                0.52402,                 1.4138,                  1.286
                     65,                0.40353,                 1.2765,                 1.1577,              0.0074803,              0.0074803,              0.0074803,                 0.7983,                0.64319,                0.72935,                 0.2662,                0.43858,                 1.3055,                 1.1337
                     66,                0.38609,                 1.2463,                 1.1248,              0.0074403,              0.0074403,              0.0074403,                0.84399,                 0.6875,                0.72475,                0.26361,                0.47005,                 1.3218,                 1.1908
                     67,                0.39101,                 1.2179,                 1.1541,              0.0074003,              0.0074003,              0.0074003,                0.91784,                 0.6125,                0.69475,                0.24975,                0.45825,                 1.4618,                 1.1695
                     68,                0.38939,                 1.1818,                 1.1547,              0.0073603,              0.0073603,              0.0073603,                 0.8466,                0.68988,                0.74938,                0.27348,                0.46747,                 1.2738,                 1.1708
                     69,                0.38947,                 1.2254,                 1.1549,              0.0073203,              0.0073203,              0.0073203,                0.89801,                 0.6625,                0.76578,                 0.2543,                0.47362,                 1.3075,                 1.1723
                     70,                0.39312,                 1.2556,                 1.1725,              0.0072803,              0.0072803,              0.0072803,                0.74014,                0.67647,                0.67708,                0.24499,                0.48666,                   1.39,                 1.2375
                     71,                0.37768,                 1.1934,                 1.1323,              0.0072403,              0.0072403,              0.0072403,                0.92918,                 0.5875,                0.75207,                0.25615,                0.47538,                 1.3223,                 1.1712
                     72,                0.39294,                 1.2105,                 1.1565,              0.0072003,              0.0072003,              0.0072003,                0.78816,                 0.5625,                0.57096,                0.18422,                0.53205,                 1.5348,                 1.3335
                     73,                0.37704,                 1.1619,                 1.1221,              0.0071603,              0.0071603,              0.0071603,                0.77269,                0.63736,                0.71085,                0.23304,                0.49437,                 1.3182,                  1.231
                     74,                0.37771,                 1.2068,                 1.1305,              0.0071203,              0.0071203,              0.0071203,                0.85265,                 0.7125,                0.81916,                0.31486,                0.44095,                 1.1161,                 1.1223
                     75,                0.38488,                  1.173,                 1.1297,              0.0070803,              0.0070803,              0.0070803,                0.75978,                 0.6625,                0.67926,                0.24095,                0.46036,                 1.2638,                 1.1642
                     76,                0.38185,                  1.199,                 1.1228,              0.0070403,              0.0070403,              0.0070403,                0.88855,                   0.65,                0.76914,                0.26889,                0.45474,                 1.1892,                  1.172
                     77,                0.38499,                 1.1401,                 1.1481,              0.0070003,              0.0070003,              0.0070003,                0.81661,                 0.7125,                0.79394,                0.26914,                0.47043,                 1.1952,                  1.182
                     78,                0.37438,                 1.1386,                 1.1232,              0.0069603,              0.0069603,              0.0069603,                0.82371,                0.81772,                 0.8753,                0.29965,                0.44572,                 1.1303,                 1.1692
                     79,                0.36676,                 1.1143,                 1.1194,              0.0069203,              0.0069203,              0.0069203,                0.91524,                   0.75,                0.79551,                0.29615,                0.45042,                  1.139,                 1.1427
                     80,                 0.3724,                 1.1419,                 1.1292,              0.0068803,              0.0068803,              0.0068803,                0.84182,                 0.7375,                0.82731,                0.30108,                0.44304,                 1.0941,                 1.1378
                     81,                0.37406,                  1.106,                 1.1236,              0.0068403,              0.0068403,              0.0068403,                0.82835,                0.78421,                0.77724,                0.25587,                0.48647,                 1.1585,                 1.2177
                     82,                0.37327,                  1.169,                  1.137,              0.0068003,              0.0068003,              0.0068003,                0.89261,                0.72732,                0.82046,                0.24841,                0.48598,                 1.2204,                 1.2141
                     83,                0.38103,                 1.1837,                   1.13,              0.0067603,              0.0067603,              0.0067603,                0.81896,                   0.75,                0.76479,                0.26854,                0.47509,                 1.1885,                 1.2143
                     84,                0.36695,                 1.0987,                 1.1039,              0.0067203,              0.0067203,              0.0067203,                0.86312,                 0.7875,                0.84822,                0.27592,                0.46636,                 1.1198,                 1.1808
                     85,                0.37009,                 1.0983,                 1.1289,              0.0066803,              0.0066803,              0.0066803,                0.80146,                 0.7125,                0.72133,                0.24171,                0.48481,                 1.1894,                 1.2515
                     86,                0.37932,                 1.1121,                 1.1321,              0.0066403,              0.0066403,              0.0066403,                0.83216,                 0.7125,                 0.7945,                0.27449,                0.45891,                 1.1558,                 1.1902
                     87,                 0.3712,                 1.0671,                 1.1254,              0.0066003,              0.0066003,              0.0066003,                0.84106,                 0.7125,                0.78065,                0.24295,                0.47343,                  1.176,                 1.2108
                     88,                0.37973,                  1.082,                 1.1203,              0.0065603,              0.0065603,              0.0065603,                0.95225,                0.74785,                0.83008,                0.30774,                0.44559,                  1.077,                 1.1354
                     89,                0.36787,                 1.0677,                 1.1178,              0.0065203,              0.0065203,              0.0065203,                0.87747,                 0.7625,                 0.8474,                0.34189,                0.41989,                 1.0631,                 1.0981
                     90,                0.36457,                 1.0918,                 1.0974,              0.0064804,              0.0064804,              0.0064804,                0.84577,                0.68549,                0.77895,                0.29118,                0.45051,                 1.1731,                 1.1697
                     91,                0.36291,                 1.0215,                 1.1133,              0.0064404,              0.0064404,              0.0064404,                0.91335,                   0.75,                0.83769,                0.27496,                0.47581,                 1.1258,                 1.1898
                     92,                0.36644,                 1.0563,                 1.1071,              0.0064004,              0.0064004,              0.0064004,                0.73386,                0.75833,                0.74194,                0.20279,                0.54052,                 1.1777,                 1.3436
                     93,                0.37206,                 1.0937,                 1.0989,              0.0063604,              0.0063604,              0.0063604,                0.87561,                  0.704,                0.79143,                0.28488,                 0.4558,                 1.1049,                 1.1777
                     94,                0.37231,                  1.065,                 1.1035,              0.0063204,              0.0063204,              0.0063204,                0.90891,                0.74839,                0.80224,                0.30814,                0.45103,                 1.0839,                 1.1792
                     95,                 0.3659,                 1.0325,                 1.1301,              0.0062804,              0.0062804,              0.0062804,                0.81182,                    0.7,                0.68526,                0.22214,                0.50231,                 1.2359,                 1.2803
                     96,                0.36764,                 1.0251,                 1.1162,              0.0062404,              0.0062404,              0.0062404,                0.76877,                0.66498,                0.67642,                0.22507,                0.50388,                 1.1601,                 1.2548
                     97,                0.35318,                0.97777,                 1.0996,              0.0062004,              0.0062004,              0.0062004,                0.96624,                 0.6625,                0.80181,                0.29711,                 0.4617,                 1.1149,                 1.1848
                     98,                0.35499,                 1.0005,                 1.1009,              0.0061604,              0.0061604,              0.0061604,                0.87045,                   0.75,                0.80602,                0.31166,                  0.426,                 1.1195,                 1.1263
                     99,                0.36278,                 1.0482,                 1.1117,              0.0061204,              0.0061204,              0.0061204,                 0.9215,                0.73367,                0.81775,                0.36021,                0.39265,                  1.122,                 1.0803
                    100,                0.36455,                 1.0544,                 1.0953,              0.0060804,              0.0060804,              0.0060804,                0.87956,                0.73034,                0.81039,                0.32308,                  0.407,                 1.1318,                 1.1031
                    101,                0.36399,                 1.0609,                 1.0931,              0.0060404,              0.0060404,              0.0060404,                0.92154,                0.73412,                0.83053,                 0.2951,                0.45396,                 1.1448,                 1.1667
                    102,                0.36495,                 1.0419,                 1.1079,              0.0060004,              0.0060004,              0.0060004,                0.86552,                0.80455,                0.84899,                0.33808,                0.41298,                 1.1126,                 1.0947
                    103,                0.35589,                 1.0063,                 1.0967,              0.0059604,              0.0059604,              0.0059604,                0.93261,                  0.775,                0.84443,                0.28178,                0.45142,                 1.1167,                 1.1768
                    104,                0.35724,                 1.0074,                  1.101,              0.0059204,              0.0059204,              0.0059204,                0.81808,                0.78695,                0.81317,                0.31104,                0.43572,                 1.1251,                 1.1398
                    105,                0.35474,                0.99524,                 1.0997,              0.0058804,              0.0058804,              0.0058804,                0.85849,                0.75839,                0.82067,                0.27365,                0.47015,                 1.1143,                 1.1975
                    106,                0.36004,                0.99027,                 1.1225,              0.0058404,              0.0058404,              0.0058404,                0.91037,                 0.7375,                0.79272,                0.28249,                0.45151,                 1.0918,                 1.1544
                    107,                0.34952,                0.94649,                  1.083,              0.0058004,              0.0058004,              0.0058004,                0.90024,                 0.7896,                0.87593,                0.31052,                 0.4409,                 1.0325,                 1.1282
                    108,                0.35977,                  1.006,                 1.1015,              0.0057604,              0.0057604,              0.0057604,                0.91655,                0.82372,                 0.8798,                0.31671,                0.43687,                 1.0584,                 1.1569
                    109,                0.35372,                 1.0115,                 1.0926,              0.0057204,              0.0057204,              0.0057204,                0.88064,                    0.7,                0.79293,                0.27248,                0.47608,                 1.1691,                 1.2281
                    110,                0.34918,                0.95029,                 1.0871,              0.0056804,              0.0056804,              0.0056804,                0.86053,                  0.775,                 0.8531,                0.34926,                0.42353,                 1.0636,                 1.1371
                    111,                0.35122,                0.94639,                  1.093,              0.0056404,              0.0056404,              0.0056404,                0.88566,                   0.75,                0.82015,                0.26681,                0.46605,                  1.134,                 1.1939
                    112,                0.34479,                0.89548,                 1.0841,              0.0056004,              0.0056004,              0.0056004,                0.81975,                 0.7375,                0.82265,                0.32298,                0.43211,                 1.1525,                 1.1312
                    113,                0.35106,                0.93838,                 1.0842,              0.0055604,              0.0055604,              0.0055604,                   0.84,                 0.7125,                0.78699,                 0.2643,                0.46765,                 1.1804,                 1.2066
                    114,                0.33755,                0.94517,                 1.0699,              0.0055204,              0.0055204,              0.0055204,                0.81496,                 0.7625,                0.83324,                0.30398,                0.45709,                 1.0566,                 1.1642
                    115,                0.35338,                0.93912,                 1.0761,              0.0054805,              0.0054805,              0.0054805,                0.84556,                 0.7625,                0.80674,                0.28801,                 0.4606,                 1.0936,                 1.1723
                    116,                 0.3573,                 0.9348,                 1.0894,              0.0054405,              0.0054405,              0.0054405,                0.91764,                 0.7125,                0.80184,                0.27819,                0.45264,                  1.051,                 1.2101
                    117,                0.34319,                0.93534,                  1.068,              0.0054005,              0.0054005,              0.0054005,                0.94702,                 0.7875,                 0.8559,                0.34608,                 0.4297,                 1.0241,                 1.1257
                    118,                0.34242,                0.92309,                 1.0799,              0.0053605,              0.0053605,              0.0053605,                0.91232,                0.78046,                0.86339,                0.34918,                0.41788,                0.98743,                  1.109
                    119,                0.34475,                0.94778,                 1.0817,              0.0053205,              0.0053205,              0.0053205,                0.90721,                 0.8125,                0.83401,                0.29998,                0.44623,                  1.048,                 1.1718
                    120,                0.33968,                0.91014,                 1.0726,              0.0052805,              0.0052805,              0.0052805,                0.86355,                 0.7625,                0.81941,                0.30036,                 0.4587,                 1.0241,                 1.2073
                    121,                0.34414,                0.90039,                  1.067,              0.0052405,              0.0052405,              0.0052405,                 0.8907,                0.81497,                 0.8713,                0.37613,                0.40035,                 1.0022,                 1.0946
                    122,                0.34429,                0.93619,                 1.0696,              0.0052005,              0.0052005,              0.0052005,                0.86031,                0.76985,                0.83455,                0.33279,                0.43415,                 1.0634,                 1.1722
                    123,                0.33887,                0.93537,                 1.0671,              0.0051605,              0.0051605,              0.0051605,                0.90233,                0.80845,                0.88523,                0.34395,                0.41928,                0.98205,                 1.1422
                    124,                0.33607,                0.89994,                 1.0696,              0.0051205,              0.0051205,              0.0051205,                0.88556,                0.77381,                0.83796,                0.30452,                0.46244,                 1.0583,                 1.1994
                    125,                 0.3395,                0.90045,                 1.0569,              0.0050805,              0.0050805,              0.0050805,                0.88974,                  0.807,                0.85988,                0.32683,                0.43964,                0.97294,                  1.179
                    126,                0.33246,                0.85875,                 1.0468,              0.0050405,              0.0050405,              0.0050405,                0.93016,                 0.8324,                0.88638,                0.33243,                0.43786,                  1.038,                 1.1496
                    127,                0.32883,                0.83781,                 1.0594,              0.0050005,              0.0050005,              0.0050005,                0.90584,                    0.8,                0.85938,                0.31058,                0.45363,                 1.0111,                 1.1859
                    128,                0.33527,                0.85636,                  1.058,              0.0049605,              0.0049605,              0.0049605,                0.93772,                 0.8375,                 0.8877,                0.34012,                0.42819,                0.97641,                 1.1409
                    129,                 0.3348,                0.87699,                 1.0634,              0.0049205,              0.0049205,              0.0049205,                0.95943,                0.88684,                 0.9073,                0.33814,                0.43868,                 1.0074,                 1.1341
                    130,                0.32948,                0.85751,                 1.0555,              0.0048805,              0.0048805,              0.0048805,                0.94131,                 0.8125,                0.87006,                0.36342,                0.41067,                0.99686,                 1.0933
                    131,                 0.3289,                 0.8626,                  1.067,              0.0048405,              0.0048405,              0.0048405,                0.87918,                0.81871,                0.87761,                0.30472,                0.45088,                 1.0645,                 1.1746
                    132,                0.32324,                0.84294,                 1.0422,              0.0048005,              0.0048005,              0.0048005,                 0.8938,                    0.8,                0.84097,                0.31749,                0.44833,                 1.0102,                 1.1736
                    133,                0.32552,                0.84982,                 1.0384,              0.0047605,              0.0047605,              0.0047605,                0.87805,                   0.85,                0.85511,                0.31962,                0.42344,                 1.0458,                 1.1099
                    134,                0.32584,                0.86542,                  1.045,              0.0047205,              0.0047205,              0.0047205,                 0.8531,                  0.825,                0.83577,                0.30044,                0.43903,                 1.0213,                 1.1543
                    135,                0.33674,                0.86361,                 1.0603,              0.0046805,              0.0046805,              0.0046805,                0.94343,                    0.8,                0.86161,                0.32106,                0.44596,                 1.0028,                 1.1441
                    136,                0.33142,                0.88178,                 1.0524,              0.0046405,              0.0046405,              0.0046405,                0.90613,                 0.8125,                 0.8572,                0.30251,                0.45322,                 1.0389,                 1.1705
                    137,                0.33259,                 0.8522,                 1.0483,              0.0046005,              0.0046005,              0.0046005,                0.90605,                0.72331,                0.79877,                0.30652,                0.44215,                 1.1408,                 1.1442
                    138,                 0.3423,                0.86307,                 1.0482,              0.0045605,              0.0045605,              0.0045605,                 0.9048,                0.83163,                0.84802,                0.32166,                0.42544,                 1.0211,                 1.1244
                    139,                0.33098,                0.84829,                 1.0268,              0.0045205,              0.0045205,              0.0045205,                0.85406,                    0.8,                0.82273,                 0.2806,                0.44821,                 1.0711,                 1.1573
                    140,                0.32086,                0.85298,                 1.0297,              0.0044806,              0.0044806,              0.0044806,                0.93195,                    0.8,                0.82657,                0.29515,                0.46392,                 1.0925,                 1.1861
                    141,                0.34308,                0.86896,                  1.068,              0.0044406,              0.0044406,              0.0044406,                0.87101,                  0.775,                0.82548,                0.29901,                0.45689,                 1.0534,                  1.197
                    142,                0.32648,                0.82428,                 1.0397,              0.0044006,              0.0044006,              0.0044006,                0.89643,                0.75735,                0.84344,                0.29572,                0.45278,                 1.0267,                 1.1812
                    143,                0.32089,                0.81597,                 1.0392,              0.0043606,              0.0043606,              0.0043606,                0.83915,                0.78256,                0.83724,                 0.2962,                0.45912,                 1.0266,                 1.1877
                    144,                0.33034,                0.81341,                 1.0478,              0.0043206,              0.0043206,              0.0043206,                0.90383,                 0.8125,                0.87403,                0.36538,                 0.4052,                0.97954,                 1.0853
                    145,                0.31648,                0.82315,                 1.0378,              0.0042806,              0.0042806,              0.0042806,                0.94234,                 0.7625,                0.86758,                0.34156,                0.42776,                  1.043,                 1.1266
                    146,                0.32736,                0.85897,                 1.0596,              0.0042406,              0.0042406,              0.0042406,                0.91513,                0.80873,                0.88098,                0.29487,                0.46067,                0.97523,                 1.1838
                    147,                0.33422,                0.82057,                 1.0499,              0.0042006,              0.0042006,              0.0042006,                0.90356,                   0.85,                0.90606,                0.34876,                0.45126,                0.96421,                 1.1512
                    148,                0.31784,                0.79277,                 1.0362,              0.0041606,              0.0041606,              0.0041606,                 0.9142,                0.79909,                0.85951,                 0.3481,                0.42305,                0.99663,                 1.1037
                    149,                0.31908,                0.79826,                  1.031,              0.0041206,              0.0041206,              0.0041206,                0.86346,                0.79048,                0.86355,                0.32306,                0.42528,                  1.021,                  1.134
                    150,                0.32479,                0.81812,                 1.0387,              0.0040806,              0.0040806,              0.0040806,                0.91855,                 0.7875,                0.87665,                0.31695,                0.43559,                 1.0492,                 1.1351
                    151,                0.32806,                  0.807,                 1.0344,              0.0040406,              0.0040406,              0.0040406,                 0.8835,                 0.8532,                0.87786,                0.34791,                0.42667,                0.95554,                 1.1328
                    152,                0.32571,                0.81314,                 1.0378,              0.0040006,              0.0040006,              0.0040006,                0.92197,                 0.8625,                0.89762,                0.33086,                0.44842,                0.96053,                 1.1482
                    153,                0.31877,                0.82547,                 1.0237,              0.0039606,              0.0039606,              0.0039606,                0.93674,                   0.85,                0.90573,                0.34339,                 0.4413,                 0.9644,                 1.1465
                    154,                0.31477,                0.77536,                 1.0293,              0.0039206,              0.0039206,              0.0039206,                0.89233,                0.82882,                0.87739,                0.34816,                0.44304,                  1.004,                 1.1473
                    155,                0.31807,                0.80934,                 1.0335,              0.0038806,              0.0038806,              0.0038806,                0.91269,                 0.8375,                0.86895,                0.34828,                0.41081,                0.98863,                 1.1135
                    156,                0.31553,                0.80558,                 1.0283,              0.0038406,              0.0038406,              0.0038406,                 0.8733,                  0.825,                0.84777,                 0.3492,                0.40176,                0.98167,                 1.1091
                    157,                0.31335,                0.77445,                 1.0215,              0.0038006,              0.0038006,              0.0038006,                0.86165,                0.85641,                0.87316,                0.35595,                0.42383,                0.98095,                 1.1436
                    158,                0.30806,                0.75507,                 1.0075,              0.0037606,              0.0037606,              0.0037606,                0.95292,                  0.759,                0.87778,                0.36576,                0.41426,                0.96555,                 1.1161
                    159,                0.31797,                0.77159,                 1.0254,              0.0037206,              0.0037206,              0.0037206,                0.89005,                  0.825,                0.83733,                0.31117,                 0.4416,                 1.0435,                 1.1542
                    160,                0.30779,                0.78037,                 1.0159,              0.0036806,              0.0036806,              0.0036806,                0.89476,                0.85018,                0.87931,                0.35456,                0.42127,                 1.0184,                 1.1094
                    161,                 0.3124,                0.76125,                 1.0181,              0.0036406,              0.0036406,              0.0036406,                0.91935,                0.85493,                0.89823,                0.36594,                0.41934,                0.88742,                 1.1013
                    162,                0.30749,                 0.7751,                 1.0185,              0.0036006,              0.0036006,              0.0036006,                0.87565,                   0.85,                0.88706,                 0.3488,                0.43464,                0.98446,                 1.1408
                    163,                0.30698,                0.74151,                 1.0155,              0.0035606,              0.0035606,              0.0035606,                0.88885,                   0.85,                 0.8901,                0.33908,                0.43432,                 0.9737,                  1.131
                    164,                 0.3066,                0.75836,                0.99883,              0.0035206,              0.0035206,              0.0035206,                0.93242,                0.86238,                0.88322,                0.36542,                0.41847,                0.95731,                 1.1168
                    165,                0.30371,                0.73272,                 1.0077,              0.0034807,              0.0034807,              0.0034807,                  0.919,                   0.85,                0.89563,                0.38402,                0.40218,                0.93192,                 1.0885
                    166,                0.30706,                0.73988,                 1.0063,              0.0034407,              0.0034407,              0.0034407,                0.88067,                0.83032,                0.84507,                0.29733,                0.45378,                 1.0002,                  1.177
                    167,                0.30424,                0.73753,                 1.0264,              0.0034007,              0.0034007,              0.0034007,                 0.8938,                0.84169,                0.87796,                0.34772,                0.42406,                0.97579,                 1.1553
                    168,                0.30577,                0.74745,                0.99297,              0.0033607,              0.0033607,              0.0033607,                 0.9306,                0.83807,                0.89862,                0.38966,                0.41113,                0.95255,                  1.092
                    169,                0.31108,                0.73307,                  1.014,              0.0033207,              0.0033207,              0.0033207,                0.94384,                 0.8375,                 0.9249,                0.37804,                0.42787,                0.93954,                 1.1238
                    170,                0.30987,                0.74042,                 1.0152,              0.0032807,              0.0032807,              0.0032807,                0.91371,                 0.8625,                0.91857,                0.32899,                0.44442,                0.95363,                  1.155
                    171,                 0.3044,                0.75062,                0.99924,              0.0032407,              0.0032407,              0.0032407,                0.98544,                0.84593,                0.93281,                0.36947,                0.40982,                0.90391,                 1.1138
                    172,                0.30399,                0.74896,                  1.014,              0.0032007,              0.0032007,              0.0032007,                0.93221,                0.85952,                0.90764,                0.34294,                 0.4289,                0.90514,                 1.1566
                    173,                0.30666,                0.73939,                0.99954,              0.0031607,              0.0031607,              0.0031607,                0.93473,                  0.825,                 0.8992,                 0.4004,                0.40094,                 0.9636,                 1.0755
                    174,                0.29774,                0.73662,                0.99981,              0.0031207,              0.0031207,              0.0031207,                0.96833,                 0.8625,                0.92206,                0.40661,                0.39503,                0.84763,                 1.0861
                    175,                0.30257,                0.72123,                0.99331,              0.0030807,              0.0030807,              0.0030807,                0.95814,                 0.8625,                0.95014,                0.42972,                 0.3866,                0.83589,                 1.0684
                    176,                0.29943,                0.74207,                0.99461,              0.0030407,              0.0030407,              0.0030407,                0.93185,                0.85468,                0.91076,                0.36692,                0.42493,                0.89964,                 1.1456
                    177,                0.29873,                0.70434,                 0.9941,              0.0030007,              0.0030007,              0.0030007,                0.92163,                0.88204,                0.90795,                0.30866,                0.44431,                0.97146,                 1.1805
                    178,                0.29325,                0.72548,                0.99286,              0.0029607,              0.0029607,              0.0029607,                0.95851,                    0.9,                 0.9446,                0.35541,                0.42312,                0.88542,                 1.1318
                    179,                0.28759,                0.68878,                0.98049,              0.0029207,              0.0029207,              0.0029207,                0.95965,                 0.8375,                0.90357,                0.35849,                0.42553,                 0.9276,                 1.1308
                    180,                0.29229,                0.68987,                0.98886,              0.0028807,              0.0028807,              0.0028807,                0.90306,                0.81518,                0.87791,                0.34345,                0.43217,                0.95182,                 1.1669
                    181,                0.29539,                0.70902,                0.99124,              0.0028407,              0.0028407,              0.0028407,                0.89446,                 0.8625,                0.90672,                0.35441,                0.43082,                0.87475,                 1.1637
                    182,                0.28709,                0.69003,                0.96859,              0.0028007,              0.0028007,              0.0028007,                0.93252,                  0.875,                 0.9252,                0.36994,                0.42784,                0.88453,                 1.1352
                    183,                0.29451,                 0.6818,                0.99604,              0.0027607,              0.0027607,              0.0027607,                0.97647,                  0.875,                 0.9382,                0.40863,                0.39565,                0.84599,                 1.0923
                    184,                0.28629,                0.68154,                0.97231,              0.0027207,              0.0027207,              0.0027207,                0.94501,                 0.8875,                0.91732,                0.36131,                0.41478,                0.90457,                 1.1201
                    185,                0.29229,                0.69136,                0.98406,              0.0026807,              0.0026807,              0.0026807,                0.96256,                 0.8875,                0.94741,                0.38572,                0.40362,                0.83463,                 1.1083
                    186,                0.28813,                0.69009,                0.98333,              0.0026407,              0.0026407,              0.0026407,                0.98597,                0.87831,                0.93622,                  0.372,                0.40778,                0.88859,                 1.1037
                    187,                 0.2924,                0.71117,                0.98746,              0.0026007,              0.0026007,              0.0026007,                0.95914,                0.88022,                0.93045,                0.38396,                0.40306,                0.90634,                 1.0935
                    188,                0.28503,                0.69457,                 0.9879,              0.0025607,              0.0025607,              0.0025607,                0.94686,                0.89097,                 0.9373,                0.37275,                0.41331,                 0.8996,                 1.1187
                    189,                0.28445,                0.68012,                0.98642,              0.0025207,              0.0025207,              0.0025207,                0.94916,                 0.8375,                0.93904,                0.36876,                0.40732,                0.89824,                 1.1204
                    190,                0.27574,                0.66769,                0.96732,              0.0024808,              0.0024808,              0.0024808,                0.93629,                 0.8625,                0.92979,                 0.3748,                0.41885,                 0.9054,                 1.1278
                    191,                0.28336,                0.67435,                0.97703,              0.0024408,              0.0024408,              0.0024408,                 0.9318,                0.85393,                 0.9429,                0.35628,                0.42631,                0.89204,                  1.137
                    192,                0.28354,                0.66936,                 0.9728,              0.0024008,              0.0024008,              0.0024008,                0.94449,                0.85069,                0.94558,                0.37539,                 0.4231,                0.87344,                   1.13
                    193,                0.28568,                0.69373,                0.98587,              0.0023608,              0.0023608,              0.0023608,                0.91874,                 0.8875,                0.92298,                 0.3657,                0.42251,                0.89393,                   1.13
                    194,                0.27915,                0.67627,                0.97137,              0.0023208,              0.0023208,              0.0023208,                0.95222,                 0.8625,                0.93924,                0.38678,                0.40548,                0.88692,                 1.1093
                    195,                0.28242,                0.66407,                0.98217,              0.0022808,              0.0022808,              0.0022808,                0.96409,                 0.8875,                0.94434,                0.36626,                0.40927,                0.86317,                 1.1201
                    196,                0.28659,                0.67745,                0.98152,              0.0022408,              0.0022408,              0.0022408,                0.98606,                0.88401,                0.94337,                0.38221,                0.40271,                0.85507,                 1.1026
                    197,                0.28227,                0.67584,                0.97669,              0.0022008,              0.0022008,              0.0022008,                0.95929,                0.88359,                0.91513,                  0.368,                0.40972,                0.90107,                 1.1261
                    198,                0.27232,                0.65899,                 0.9578,              0.0021608,              0.0021608,              0.0021608,                0.96468,                 0.8875,                0.93498,                0.37732,                0.40736,                0.89143,                 1.1271
                    199,                0.27595,                0.63644,                0.96282,              0.0021208,              0.0021208,              0.0021208,                0.95829,                 0.8875,                0.93404,                0.39823,                0.39541,                0.89028,                   1.11
                    200,                0.27684,                0.63711,                0.95791,              0.0020808,              0.0020808,              0.0020808,                 0.9301,                 0.8625,                0.92766,                 0.3763,                0.40729,                0.92012,                  1.107
                    201,                0.27636,                0.66139,                0.95685,              0.0020408,              0.0020408,              0.0020408,                0.97548,                 0.8125,                0.93705,                0.38922,                0.40197,                0.90872,                 1.1087
                    202,                0.27346,                0.64584,                0.96399,              0.0020008,              0.0020008,              0.0020008,                0.97029,                 0.8375,                0.94466,                0.39698,                0.40545,                0.89502,                 1.1115
                    203,                0.26714,                0.63722,                0.94992,              0.0019608,              0.0019608,              0.0019608,                0.98623,                0.89559,                0.94976,                0.42094,                0.38678,                0.80952,                 1.0923
                    204,                0.27119,                0.65731,                0.95286,              0.0019208,              0.0019208,              0.0019208,                0.97434,                    0.9,                0.93963,                0.41841,                0.38099,                0.83241,                 1.0864
                    205,                0.27577,                0.65807,                0.96441,              0.0018808,              0.0018808,              0.0018808,                0.98148,                 0.8875,                0.94427,                0.40736,                0.39987,                0.87652,                  1.105
                    206,                0.27264,                0.62967,                0.96293,              0.0018408,              0.0018408,              0.0018408,                0.97961,                 0.8875,                0.95071,                0.40036,                0.40224,                0.87017,                 1.1152
                    207,                0.27089,                0.61859,                0.94677,              0.0018008,              0.0018008,              0.0018008,                0.98281,                  0.875,                0.94728,                  0.397,                0.41125,                 0.8941,                  1.126
                    208,                0.26603,                0.64628,                0.94964,              0.0017608,              0.0017608,              0.0017608,                0.94687,                    0.9,                0.94006,                0.35317,                0.41294,                0.92318,                 1.1226
                    209,                0.26666,                 0.6201,                0.95247,              0.0017208,              0.0017208,              0.0017208,                0.95878,                0.87222,                0.93324,                0.36278,                 0.4205,                0.89281,                 1.1247
                    210,                 0.2608,                0.61361,                0.94853,              0.0016808,              0.0016808,              0.0016808,                0.96612,                  0.875,                0.94888,                0.36264,                0.41655,                0.85728,                 1.1208
                    211,                0.26723,                0.61809,                0.95203,              0.0016408,              0.0016408,              0.0016408,                0.98547,                0.84802,                0.92991,                0.36526,                0.41063,                0.93315,                 1.1187
                    212,                0.27029,                0.62207,                0.94435,              0.0016008,              0.0016008,              0.0016008,                0.92101,                 0.8875,                0.90852,                0.37953,                0.40588,                0.90396,                 1.1171
                    213,                0.26953,                0.63605,                0.96404,              0.0015608,              0.0015608,              0.0015608,                 0.9335,                0.87739,                0.91383,                0.40007,                0.39122,                 0.8974,                 1.0945
                    214,                0.26355,                0.61917,                0.94602,              0.0015208,              0.0015208,              0.0015208,                0.96344,                 0.8875,                0.93224,                 0.3999,                0.39501,                0.88593,                 1.0908
                    215,                0.26731,                0.61654,                0.94983,              0.0014809,              0.0014809,              0.0014809,                0.95346,                 0.8875,                0.93565,                0.40003,                0.39488,                0.89102,                  1.096
                    216,                0.25841,                0.60944,                0.93207,              0.0014409,              0.0014409,              0.0014409,                0.96986,                  0.875,                0.92967,                 0.3794,                0.39636,                0.87301,                 1.1076
                    217,                 0.2612,                0.63137,                0.93776,              0.0014009,              0.0014009,              0.0014009,                0.96769,                   0.85,                0.92707,                0.37016,                0.41428,                0.93462,                 1.1345
                    218,                0.26557,                0.62992,                0.94883,              0.0013609,              0.0013609,              0.0013609,                 0.9623,                 0.8375,                0.93483,                0.38789,                 0.4019,                0.87949,                 1.1095
                    219,                0.25924,                0.64476,                0.94927,              0.0013209,              0.0013209,              0.0013209,                0.91558,                   0.85,                0.91433,                 0.3729,                0.41149,                0.89326,                 1.1185
                    220,                0.26394,                0.60985,                0.94499,              0.0012809,              0.0012809,              0.0012809,                0.84603,                0.89295,                0.91223,                0.35196,                0.41955,                0.89428,                 1.1386
                    221,                0.26015,                0.60493,                0.94569,              0.0012409,              0.0012409,              0.0012409,                0.91966,                0.85853,                0.92001,                0.37314,                0.40406,                0.89203,                 1.1171
                    222,                0.25518,                0.61433,                0.94557,              0.0012009,              0.0012009,              0.0012009,                0.96736,                  0.825,                0.92768,                0.37114,                0.41001,                0.88963,                 1.1298
                    223,                0.26409,                0.63143,                0.93015,              0.0011609,              0.0011609,              0.0011609,                0.93694,                  0.875,                0.92372,                 0.3708,                0.41769,                0.92032,                 1.1407
                    224,                0.25278,                0.59467,                0.93328,              0.0011209,              0.0011209,              0.0011209,                0.98262,                 0.8375,                0.94569,                0.37089,                0.41618,                0.89621,                 1.1362
                    225,                 0.2463,                0.57086,                0.92624,              0.0010809,              0.0010809,              0.0010809,                0.97165,                0.85676,                 0.9441,                0.38461,                0.40682,                0.89172,                  1.123
                    226,                0.25331,                0.60687,                0.92628,              0.0010409,              0.0010409,              0.0010409,                 0.9424,                 0.8625,                0.93813,                0.37909,                 0.4038,                0.89853,                 1.1237
                    227,                 0.2541,                 0.5933,                 0.9287,              0.0010009,              0.0010009,              0.0010009,                0.97212,                0.87182,                0.93953,                0.39944,                 0.3936,                0.83729,                 1.1029
                    228,                0.24533,                0.58365,                0.92184,              0.0009609,              0.0009609,              0.0009609,                0.96691,                   0.85,                0.94173,                0.39509,                0.39609,                0.87791,                 1.1017
                    229,                0.25158,                0.59074,                 0.9298,             0.00092091,             0.00092091,             0.00092091,                0.97052,                0.82304,                0.93417,                0.39294,                0.39972,                0.92162,                 1.1067
                    230,                0.25314,                 0.5848,                0.93454,             0.00088091,             0.00088091,             0.00088091,                0.97098,                0.83655,                0.93811,                0.37576,                0.40629,                 0.9215,                 1.1151
                    231,                0.24445,                0.58214,                0.92218,             0.00084092,             0.00084092,             0.00084092,                0.96793,                 0.8375,                0.93551,                0.35874,                0.41588,                0.88376,                 1.1472
                    232,                0.25585,                0.59193,                0.93323,             0.00080092,             0.00080092,             0.00080092,                0.95055,                 0.8625,                0.94789,                0.37963,                0.40663,                0.87082,                 1.1264
                    233,                0.25229,                0.59538,                0.92331,             0.00076092,             0.00076092,             0.00076092,                0.97041,                 0.8375,                0.93373,                0.38367,                0.40629,                0.92575,                 1.1248
                    234,                0.24588,                0.57637,                0.92237,             0.00072093,             0.00072093,             0.00072093,                0.96812,                 0.8375,                0.93387,                0.39831,                0.40215,                0.94514,                 1.1138
                    235,                0.24859,                0.56367,                0.92529,             0.00068093,             0.00068093,             0.00068093,                0.96988,                   0.85,                0.94437,                0.40574,                0.39071,                0.87907,                 1.1019
                    236,                 0.2407,                 0.5911,                0.90796,             0.00064094,             0.00064094,             0.00064094,                0.92576,                 0.8875,                0.95387,                0.38696,                0.40273,                0.86412,                 1.1214
                    237,                0.24704,                0.56419,                0.93282,             0.00060094,             0.00060094,             0.00060094,                0.93087,                 0.8875,                0.95361,                0.40398,                0.39768,                0.86606,                  1.123
                    238,                0.25017,                0.59123,                0.92614,             0.00056094,             0.00056094,             0.00056094,                0.93848,                    0.9,                0.95562,                0.39509,                0.40235,                0.85646,                 1.1336
                    239,                0.24256,                0.57068,                 0.9139,             0.00052095,             0.00052095,             0.00052095,                0.94315,                  0.875,                0.94753,                0.40087,                0.39835,                  0.872,                 1.1184
                    240,                0.24643,                 0.5795,                0.91945,             0.00048095,             0.00048095,             0.00048095,                0.93341,                0.87609,                0.94989,                0.39254,                0.40062,                0.88438,                 1.1201
                    241,                0.24284,                0.58449,                0.91318,             0.00044096,             0.00044096,             0.00044096,                0.95991,                0.89782,                0.95243,                0.38987,                0.40061,                0.87922,                 1.1202
                    242,                0.24122,                 0.5718,                0.92925,             0.00040096,             0.00040096,             0.00040096,                0.95647,                    0.9,                0.95587,                0.40644,                0.40289,                0.86377,                 1.1246
                    243,                0.25138,                0.58417,                0.93653,             0.00036096,             0.00036096,             0.00036096,                0.94313,                    0.9,                0.95481,                0.38539,                0.40202,                0.85824,                 1.1277
                    244,                0.24326,                0.57485,                0.90815,             0.00032097,             0.00032097,             0.00032097,                0.91319,                0.92052,                0.95502,                0.40015,                0.39935,                0.86361,                 1.1193
                    245,                0.23508,                 0.5628,                0.91274,             0.00028097,             0.00028097,             0.00028097,                0.91322,                 0.9125,                0.95321,                0.38685,                0.40333,                0.86214,                 1.1304
                    246,                0.24238,                0.56862,                0.92883,             0.00024098,             0.00024098,             0.00024098,                0.93545,                0.90584,                0.95132,                0.39705,                0.40361,                0.84451,                  1.124
                    247,                0.23428,                0.55807,                0.89331,             0.00020098,             0.00020098,             0.00020098,                0.94768,                0.90578,                0.95225,                0.39067,                 0.4045,                0.85311,                 1.1247
                    248,                 0.2397,                0.56395,                0.91941,             0.00016098,             0.00016098,             0.00016098,                0.94837,                0.91855,                 0.9547,                0.37719,                0.40557,                 0.8418,                 1.1285
                    249,                0.23382,                0.54797,                0.90703,             0.00012099,             0.00012099,             0.00012099,                0.94832,                 0.9176,                0.95598,                0.39637,                0.39986,                0.83003,                 1.1169
                    250,                0.24297,                0.57455,                0.91046,             8.0992e-05,             8.0992e-05,             8.0992e-05,                0.94829,                  0.925,                0.95644,                0.39275,                0.39998,                0.83332,                 1.1151
